,Unnamed: 0,date,names,locs,tweet_texts,links,linked_text,liked,topic,topic_prob,t1,t2,t3,t4,t5,political_alignment,liberal_confidence,conservative_confidence
0,0,1-Apr,The New York Times,New York City,The New York Mets‚Äô season-opening game against the Washington Nationals was postponed after at least one Nationals‚Ä¶ https://t.co/ng61NN960N,,,1.0,"rec, sport, baseball",0.9936,rec,sport,baseball,,,Liberal,0.7655667662620544,0.23443323373794556
1,1,1-Apr,The Washington Post,"Washington, DC",Opinion: How Nancy Reagan helped end the Cold War https://t.co/y0Zk4XDB29,https://wapo.st/3m9QtWK,,0.0,"talk, politics, misc",0.88161,talk,politics,misc,,,Conservative,0.002974183764308691,0.9970257878303528
2,2,1-Apr,BBC News (World),"London, UK",Derek Chauvin trial: George Floyd's girlfriend tells of first kiss and addiction https://t.co/n6eMc5WQcd,https://bbc.in/3fzMAcj,,0.0,"sci, med",0.35176,sci,med,,,,Liberal,0.980510413646698,0.01948954537510872
3,3,1-Apr,The Guardian,London,The Unholy review ‚Äì Satan continues to inspire the very worst films https://t.co/OJmqT91aHg,https://www.theguardian.com/film/2021/apr/01/the-unholy-review-james-herbert-novel?utm_term=Autofeed&CMP=twt_gu&utm_medium&utm_source=Twitter#Echobox=1617294111,,0.0,"talk, religion, misc",0.89839,talk,religion,misc,,,Liberal,0.9921543002128601,0.007845734246075153
4,4,1-Apr,Karen Hao,EST,Oh hey my promotion is official today! I'm thrilled to say I have progressed from senior reporter to senior editor‚Ä¶ https://t.co/6nVsJaYfSJ,,,0.0,"rec, sport, baseball",0.34719,rec,sport,baseball,,,Liberal,0.9751171469688416,0.02488292008638382
5,5,1-Apr,The New York Times,New York City,"President Biden said that the Texas Rangers‚Äô decision to open their 43,000-seat stadium to full capacity was ‚Äúa mis‚Ä¶ https://t.co/Y1nZeWvwem",,,0.0,"rec, sport, baseball",0.96469,rec,sport,baseball,,,Liberal,0.996885359287262,0.00311458483338356
6,6,1-Apr,Keir Starmer,United Kingdom,This is the difference Labour can make in power. #VoteLabour https://t.co/6qcXYV3AAP,,,0.0,"misc, forsale",0.2779,misc,forsale,,,,Conservative,0.16586239635944366,0.8341375589370728
7,7,1-Apr,The Times,London,A female member of Oxford University's rowing club has claimed she was sexually assaulted by one of the university‚Äô‚Ä¶ https://t.co/JKeKhBWaSK,,,0.0,"talk, religion, misc",0.17405,talk,religion,misc,,,Conservative,0.0021396810188889503,0.9978603720664978
8,8,1-Apr,Transport for London üö∂üèº‚Äç‚ôÄÔ∏èüö¥üèº‚Äç‚ôÄÔ∏è,"London, England","Our Tube, rail and bus network is safe and clean üöáüöâüöç

üëâ See what you can do to help safety and hygiene

üëâ See how w‚Ä¶ https://t.co/KbevHajJFn",,,0.0,"misc, forsale",0.30891,misc,forsale,,,,Liberal,0.9998995065689087,0.0001005140584311448
9,9,1-Apr,BBC News (UK),London,Mural of Black Lives Matter Bristol activist Jen Reid created to promote anti-racism https://t.co/BM7v6yNBnI,https://bbc.in/3whBAX6,,0.0,"talk, politics, misc",0.98522,talk,politics,misc,,,Liberal,0.9999111890792847,8.881036046659574e-05
10,10,1-Apr,Timnit Gebru,,"Well @JeffDean made his stance very clear by congratulating him...

Jeff Ullman has many other things to say about‚Ä¶ https://t.co/Ayv713mHwC",,,0.0,"talk, religion, misc",0.51731,talk,religion,misc,,,Conservative,0.08064427971839905,0.9193557500839233
11,11,1-Apr,The New York Times,New York City,The IRS alleges that drugmaker Bristol Myers used an abusive offshore scheme to cheat the U.S. out of about $1.4 bi‚Ä¶ https://t.co/51qFI6hrAq,,,1.0,"talk, politics, misc",0.75187,talk,politics,misc,,,Conservative,0.20600903034210205,0.793990969657898
12,12,1-Apr,The Verge,New York,Supreme Court says Facebook text alerts aren‚Äôt illegal robocalls https://t.co/WGhYBza1eH https://t.co/MjFmhRdb8b,https://www.theverge.com/2021/4/1/22362203/facebook-duguid-supreme-court-ruling-robocalls-tcpa?utm_campaign=theverge&utm_content=chorus&utm_medium=social&utm_source=twitter,,,"sci, crypt",0.69667,sci,crypt,,,,Conservative,0.0002630100061651319,0.9997369647026062
13,13,1-Apr,The Verge,New York,Samsung created a whole Hulu series that‚Äôs sponcon for the Galaxy S21 Ultra 5G https://t.co/RDpvi1L65s https://t.co/vuqDB5Z8R7,https://www.theverge.com/2021/4/1/22362153/samsung-s21-ultra-hulu-exposure-show-branded-content?utm_campaign=theverge&utm_content=chorus&utm_medium=social&utm_source=twitter,,0.0,"comp, sys, ibm, pc, hardware",0.50505,comp,sys,ibm,pc,hardware,Liberal,0.9997592568397522,0.0002407188294455409
14,14,1-Apr,The Guardian,London,"Pfizer vaccine has 91% efficacy for up to six months, trial shows https://t.co/P9ZleRHzuA",https://www.theguardian.com/world/2021/apr/01/pfizer-vaccine-has-91-efficacy-for-up-to-six-months-trial-shows?CMP=twt_gu&utm_source=Twitter&utm_medium#Echobox=1617294925,,0.0,"sci, med",0.99235,sci,med,,,,Liberal,0.9998881816864014,0.00011176065891049802
15,15,1-Apr,The Washington Post,"Washington, DC",Analysis: The infrastructure bill is Biden politics at its purest https://t.co/4Cc3fyxTKU,https://wapo.st/3fzo6jI,,0.0,"talk, politics, misc",0.97327,talk,politics,misc,,,Liberal,0.9992029070854187,0.0007971381419338286
16,16,1-Apr,The Verge,New York,Joe Biden‚Äôs infrastructure plan would take on the wreckage of drilling and mining https://t.co/rIvzfft6fx https://t.co/JoY9SF3PBn,https://www.theverge.com/2021/4/1/22362079/joe-biden-infrastructure-plan-abandoned-oil-gas-wells-mines?utm_campaign=theverge&utm_content=chorus&utm_medium=social&utm_source=twitter,,0.0,"sci, space",0.98351,sci,space,,,,Liberal,0.9999278783798218,7.211308547994122e-05
17,17,1-Apr,Timnit Gebru,,ACM is on a roll isn‚Äôt it? https://t.co/t8GSCxiKAT,,,0.0,"comp, sys, mac, hardware",0.31775,comp,sys,mac,hardware,,Conservative,0.007318176329135895,0.9926818013191223
18,18,1-Apr,The Guardian,London,Tell us: how should the issue of sexual misconduct in schools be managed? https://t.co/p0JzCkpU9P,https://www.theguardian.com/society/2021/mar/29/tell-us-how-should-the-issue-of-sexual-misconduct-in-schools-be-managed,,0.0,"talk, politics, misc",0.44169,talk,politics,misc,,,Liberal,0.9988170862197876,0.0011829405557364225
19,19,1-Apr,The Washington Post,"Washington, DC","Actor Colman Domingo, who is in the Oscar-nominated film adaptation of ‚ÄúMa Rainey‚Äôs Black Bottom,‚Äù joins The Post t‚Ä¶ https://t.co/gYCYnzLF3u",,,0.0,"rec, sport, baseball",0.45833,rec,sport,baseball,,,Liberal,0.9796532392501831,0.02034671977162361
20,20,1-Apr,The New York Times,New York City,"Virginia‚Äôs Supreme Court ruled that the city of Charlottesville can remove statues of two Confederate generals, inc‚Ä¶ https://t.co/UZ1yahBYq0",,,0.0,"talk, politics, guns",0.48766,talk,politics,guns,,,Conservative,0.06544162333011627,0.9345583319664001
21,21,1-Apr,The Guardian,London,Experts cited in No 10's race report claim they were not properly consulted https://t.co/u8P0lSXHfW,https://www.theguardian.com/world/2021/apr/01/experts-cited-in-no-10s-race-report-claim-they-were-not-properly-consulted?CMP=twt_gu&utm_source=Twitter&utm_medium#Echobox=1617294510,,0.0,"talk, politics, misc",0.39699,talk,politics,misc,,,Liberal,0.9344615340232849,0.06553847342729568
22,22,1-Apr,The Times,London,"#WorldatFive üåé: China is ratcheting up military pressure on Taiwan, probing the air defences of the self-governed i‚Ä¶ https://t.co/owoqA3c6Ga",,,0.0,"talk, politics, misc",0.96915,talk,politics,misc,,,Liberal,0.9998998641967773,0.00010007153468905017
23,23,1-Apr,Fei-Fei Li,"Stanford, CA, U.S.A.","RT @DeepLearningAI_: Join us for a special live event about AI‚Äôs future in Healthcare, featuring @drfeifei, @AndrewYNg, and @curtlanglotz a‚Ä¶",,,0.0,"sci, med",0.99327,sci,med,,,,Liberal,0.9998252987861633,0.00017471583851147443
24,24,1-Apr,Keir Starmer,United Kingdom,"While Boris Johnson was writing columns for newspapers, I was prosecuting terrorists and serious criminals.

A vote‚Ä¶ https://t.co/QBgRtTkBbl",,,0.0,"talk, politics, misc",0.95681,talk,politics,misc,,,Conservative,0.0002922514686360955,0.9997077584266663
25,25,1-Apr,The New York Times,New York City,"RT @NickAtNews: NEW: In tearful testimony, George Floyd's girlfriend, Courteney Ross, described their struggle with opioid addiction over n‚Ä¶",,,0.0,"sci, med",0.95139,sci,med,,,,Liberal,0.9998282194137573,0.00017176649998873472
26,26,1-Apr,The Guardian,London,"Oxford University failed me over handling of rape claim, says woman https://t.co/VpyILKC757",https://www.theguardian.com/uk-news/2021/apr/01/oxford-university-failed-me-over-handling-of-claim-says-woman?utm_term=Autofeed&CMP=twt_gu&utm_medium&utm_source=Twitter#Echobox=1617294090,,0.0,"talk, politics, misc",0.9796,talk,politics,misc,,,Conservative,0.00010783586913021281,0.9998921155929565
27,27,1-Apr,BBC News (UK),London,Isle of Man to gradually ease lockdown https://t.co/OYkPrgj86x,https://bbc.in/39xuTGP,,0.0,"sci, electronics",0.21786,sci,electronics,,,,Liberal,0.9755379557609558,0.024462057277560234
28,28,1-Apr,The Verge,New York,MSI announces two new convertible business laptops https://t.co/1PEA4HdW5z https://t.co/Gwhw8nuQVD,https://www.theverge.com/2021/4/1/22362034/msi-summit-e13-flip-evo-e16-release-availability?utm_campaign=theverge&utm_content=chorus&utm_medium=social&utm_source=twitter,,0.0,"misc, forsale",0.94326,misc,forsale,,,,Liberal,0.9992451667785645,0.0007548435823991895
29,29,1-Apr,The Labour Party,,RT @CatSmithMP: Sunny #labourdoorstep in #Fleetwood out campaigning to get @CliveGrunshaw1 re-elected as our Police and Crime Commissioner‚Ä¶,,,0.0,"sci, crypt",0.15117,sci,crypt,,,,Liberal,0.9997678399085999,0.00023213615349959582
30,30,1-Apr,The Labour Party,,RT @claire_tigher: So proud to have been selected as the @UKLabour &amp; @CoopParty candidate for Ealing Broadway in the by-election on 6 May.‚Ä¶,,,0.0,"rec, sport, baseball",0.70425,rec,sport,baseball,,,Liberal,0.9994901418685913,0.0005098622059449553
31,31,1-Apr,The New York Times,New York City,"A London police officer was convicted of being a member of a banned neo-Nazi group, becoming the first British poli‚Ä¶ https://t.co/CYezkeBrJM",,,0.0,"talk, politics, misc",0.96689,talk,politics,misc,,,Conservative,7.646299491170794e-05,0.999923586845398
32,32,1-Apr,The Labour Party,,"RT @AnnelieseDodds: Great to be out on the #LabourDoorstep with @AkashNayee, @MKLabour candidate for Stony Stratford ward. 

And really enc‚Ä¶",,,0.0,"rec, sport, baseball",0.5218,rec,sport,baseball,,,Liberal,0.9995765089988708,0.0004235176311340183
33,33,1-Apr,The Washington Post,"Washington, DC","Is it covid or just allergies? Your questions about symptoms and vaccines, answered. https://t.co/KJSnr2jE4m",https://wapo.st/3sIV84D,,0.0,"sci, med",0.9937,sci,med,,,,Liberal,0.9998908042907715,0.00010915390157606453
34,34,1-Apr,The Times,London,"Covid infections have continued to fall, despite the return of millions of pupils to the classroom, raising hopes f‚Ä¶ https://t.co/3GBv3MvzPQ",,,0.0,"sci, med",0.99215,sci,med,,,,Liberal,0.9998853206634521,0.00011467283184174448
35,35,1-Apr,The New York Times,New York City,RT @qdbui: Believe or not airline travel is already back to normal at some airports across the country. But like many other things in Ameri‚Ä¶,,,0.0,"misc, forsale",0.45944,misc,forsale,,,,Liberal,0.9994248151779175,0.0005752054275944829
36,36,1-Apr,The Guardian,London,Remembering Roberto Baggio's greatest goal 20 years later | BY @EmmetGates for @GentlemanUltra https://t.co/CDTznxM51j,https://www.theguardian.com/football/the-gentleman-ultra/2021/apr/01/roberto-baggio-greatest-goal-20-years-later-brescia-juventus,,0.0,"rec, sport, hockey",0.97955,rec,sport,hockey,,,Liberal,0.9975560903549194,0.0024438982363790274
37,37,1-Apr,The Labour Party,,"Our plan for policing:

Get more officers out on the beat.
End the cuts to preventative services.
Give victims righ‚Ä¶ https://t.co/skb0Imjt5O",,,0.0,"talk, politics, misc",0.66008,talk,politics,misc,,,Liberal,0.9999423027038574,5.765549940406345e-05
38,38,1-Apr,The New York Times,New York City,"Courteney Ross, George Floyd's girlfriend, told the story of their relationship through tears and laughter. She jok‚Ä¶ https://t.co/BSlKR39Aac",,,0.0,"soc, religion, christian",0.21005,soc,religion,christian,,,Conservative,0.2108922302722931,0.7891077399253845
39,39,1-Apr,The Guardian,London,Tell us about your favourite unusual village to win a ¬£200 holiday prize https://t.co/TB6fHwoLVi,https://www.theguardian.com/travel/2021/mar/30/tell-us-about-your-favourite-unusual-village-to-win-a-200-holiday-prize,,1.0,"misc, forsale",0.30471,misc,forsale,,,,Liberal,0.99967360496521,0.00032646534964442253
40,40,1-Apr,The Guardian,London,Diego Llorente: 'I didn‚Äôt realise how different Bielsa is in his training' https://t.co/sIA0wTjj0N,https://www.theguardian.com/football/2021/apr/01/diego-llorente-leeds-how-different-bielsa-is-in-his-training?utm_term=Autofeed&CMP=twt_gu&utm_medium&utm_source=Twitter#Echobox=1617293346,,0.0,"rec, sport, baseball",0.17272,rec,sport,baseball,,,Liberal,0.9996689558029175,0.0003310402389615774
41,41,1-Apr,Conservatives,,"RT @MattHancock: VACCINE UPDATE:

Yesterday, the team delivered 646,828 vaccines across the UK - including over 400,000 second doses - a ph‚Ä¶",,,0.0,"sci, med",0.99245,sci,med,,,,Liberal,0.9998107552528381,0.0001892153813969344
42,42,1-Apr,Emily M. Bender,,RT @emilymbender: This is terribly important: I encourage all USians to write to their representatives drawing their attention to it. (I ju‚Ä¶,,,0.0,"talk, religion, misc",0.22932,talk,religion,misc,,,Liberal,0.9729562401771545,0.02704368717968464
43,43,1-Apr,The Times,London,New green legislation in France will force supermarkets to devote a fifth of their shelves to ‚Äúrefill stations‚Äù sel‚Ä¶ https://t.co/hDlSzVsgVC,,,0.0,"misc, forsale",0.58386,misc,forsale,,,,Liberal,0.8796592354774475,0.1203407570719719
44,44,1-Apr,The Guardian,London,Derek Chauvin trial: witness breaks down on stand while watching video https://t.co/M82uXA4KMN,https://www.theguardian.com/us-news/2021/apr/01/derek-chauvin-trial-witness-charles-mcmillian?CMP=twt_gu&utm_source=Twitter&utm_medium#Echobox=1617293176,,0.0,"talk, politics, misc",0.96726,talk,politics,misc,,,Liberal,0.8812161087989807,0.1187838613986969
45,45,1-Apr,The Guardian,London,Death by chocolate: Kennel Club in Easter warning to dog owners https://t.co/hNhAVzD1pC,https://www.theguardian.com/lifeandstyle/2021/apr/01/chocolate-poisoning-kennel-club-easter-warning-dog-owner-easter?utm_term=Autofeed&CMP=twt_gu&utm_medium&utm_source=Twitter#Echobox=1617292601,,1.0,"rec, motorcycles",0.81525,rec,motorcycles,,,,Liberal,0.9700238108634949,0.029976176097989082
46,46,1-Apr,The Verge,New York,Aperta and its solar car are back from the dead https://t.co/BVY7iVvb00 https://t.co/jVrc5XevJ8,https://www.theverge.com/2021/4/1/22358355/aptera-ev-three-wheeled-doe-atvm-loan-program?utm_campaign=theverge&utm_content=chorus&utm_medium=social&utm_source=twitter,,0.0,"misc, forsale",0.58331,misc,forsale,,,,Liberal,0.9994403719902039,0.0005596461705863476
47,47,1-Apr,The Washington Post,"Washington, DC","Democrats, Republicans and businesses gird for battle over Biden‚Äôs proposed tax hikes https://t.co/pxeqozNQB6",https://wapo.st/31AoKFi,,0.0,"talk, politics, misc",0.98039,talk,politics,misc,,,Liberal,0.9998711347579956,0.00012880208669230342
48,48,1-Apr,The New York Times,New York City,"It's a bit less bouncy. The laces are slightly different. And, Major League Baseball hopes, each one is more like t‚Ä¶ https://t.co/XcjKuzXDk2",,,0.0,"rec, sport, baseball",0.92449,rec,sport,baseball,,,Liberal,0.8504446148872375,0.14955541491508484
49,49,1-Apr,BBC News (UK),London,Brrrrrrr! Cold and gales forecast for Easter Bank Holiday amid 'spring swing' in temperature https://t.co/jcMjHtZK9Q,https://bbc.in/39vUdwU,,0.0,"rec, sport, baseball",0.63471,rec,sport,baseball,,,Liberal,0.9875172972679138,0.012482649646699429
50,50,1-Apr,The Guardian,London,Greensill wage-advance app used by NHS nurses goes into administration https://t.co/Gzq40BQQ7C,https://www.theguardian.com/money/2021/apr/01/greensill-wage-advance-app-earnd-nhs-nurses-administration?utm_term=Autofeed&CMP=twt_gu&utm_medium&utm_source=Twitter#Echobox=1617288851,,0.0,"sci, med",0.96926,sci,med,,,,Liberal,0.9997226595878601,0.0002773815067484975
51,51,1-Apr,The New York Times,New York City,"Virginia said it would allow residents 16 or older to begin getting vaccinated against Covid-19 on April 19, joinin‚Ä¶ https://t.co/3dQagqpxN1",,,0.0,"sci, med",0.49876,sci,med,,,,Liberal,0.9998785257339478,0.00012148743553552777
52,52,1-Apr,The Washington Post,"Washington, DC",Major League Baseball‚Äôs Opening Day in Washington postponed as coronavirus issues disrupt Mets-Nationals game https://t.co/gwDGgIIjrn,https://www.washingtonpost.com/sports/2021/04/01/mets-nationals-opening-day-postponed-coronavirus/,,0.0,"rec, sport, baseball",0.99403,rec,sport,baseball,,,Conservative,0.14729490876197815,0.8527050614356995
53,53,1-Apr,The Guardian,London,Jimmy Kimmel on Matt Gaetz: 'The shrimp tail in your Cinnamon Toast Crunch' https://t.co/ydY9CKAyyo,https://www.theguardian.com/culture/2021/apr/01/jimmy-kimmel-matt-gaetz?utm_term=Autofeed&CMP=twt_gu&utm_medium&utm_source=Twitter#Echobox=1617290306,,0.0,"misc, forsale",0.28978,misc,forsale,,,,Liberal,0.9985176920890808,0.001482311636209488
54,54,1-Apr,Tim Farron,Kendal,"RT @NFUPolitical: If you are planning to head out into the beautiful British Countryside this Easter weekend, make sure to stick to #Respec‚Ä¶",,,0.0,"misc, forsale",0.23606,misc,forsale,,,,Liberal,0.9998650550842285,0.00013490642595570534
55,55,1-Apr,The Washington Post,"Washington, DC","Surprise jump pushes weekly jobless claims back above 700,000 https://t.co/ujTIXr0bFR",https://wapo.st/3dtnR6O,,0.0,"sci, space",0.19416,sci,space,,,,Liberal,0.9991580247879028,0.0008420107187703252
56,56,1-Apr,The Times,London,"""In a strange way David Cameron may provide an inspiration of sorts for Keir Starmer""

""He too endured negative lea‚Ä¶ https://t.co/FqSqMQwszw",,,0.0,"talk, religion, misc",0.20081,talk,religion,misc,,,Liberal,0.825874924659729,0.1741250902414322
57,57,1-Apr,The Green Party,England and Wales,"RT @natalieben: Yes: #corruption

 The UK‚Äôs system of governance has become a network of commercial relationships, largely divorced from pa‚Ä¶",,,0.0,"talk, politics, misc",0.65469,talk,politics,misc,,,Liberal,0.9999288320541382,7.119693327695131e-05
58,58,1-Apr,BBC News (UK),London,Equalities activist Lord Simon Woolley becomes first black man to be elected head of an Oxbridge college https://t.co/80utJKoPZH,https://bbc.in/3fzFMvA,,0.0,"talk, politics, misc",0.71165,talk,politics,misc,,,Liberal,0.9626747369766235,0.037325240671634674
59,59,1-Apr,The New York Times,New York City,New Mexico was set to become the 16th state to legalize recreational marijuana. Gov. Michelle Lujan Grisham said sh‚Ä¶ https://t.co/M6YUDV6n5w,,,0.0,"talk, politics, misc",0.95162,talk,politics,misc,,,Conservative,0.00042359106009826064,0.9995763897895813
60,60,1-Apr,The Guardian,London,"Exhibition of Spanish artist Maruja Mallo's works were fakes, experts say https://t.co/z6Y3SSofiV",https://www.theguardian.com/world/2021/apr/01/galician-exhibit-spanish-artist-maruja-mallo-work-were-fake-experts-say?utm_term=Autofeed&CMP=twt_gu&utm_medium&utm_source=Twitter#Echobox=1617290305,,1.0,"comp, graphics",0.32686,comp,graphics,,,,Conservative,0.06163647025823593,0.9383635520935059
61,61,1-Apr,The Washington Post,"Washington, DC","Backlash after U.K. race report seeks to ""dispel myths"" about racism, tell ""new story"" about slave trade https://t.co/cWWXQamr8X",https://wapo.st/3rEQV0w,,0.0,"talk, politics, misc",0.98539,talk,politics,misc,,,Conservative,0.29223427176475525,0.7077657580375671
62,62,1-Apr,BBC News (World),"London, UK","More than 40 children killed by Myanmar military, Save the Children says https://t.co/Iant8GHWAo",https://bbc.in/2Pot3B7,,0.0,"talk, politics, misc",0.92646,talk,politics,misc,,,Conservative,0.0939786285161972,0.9060213565826416
63,63,1-Apr,The Green Party,England and Wales,RT @MJBrewin: So I can now announce that I have been selected as the @TheGreenParty candidate for the Copthorne &amp; Worth ward in the mid Sus‚Ä¶,,,0.0,"misc, forsale",0.2749,misc,forsale,,,,Liberal,0.9998914003372192,0.0001085832409444265
64,64,1-Apr,The Verge,New York,Casio announces first Wear OS smartwatch in iconic G-Shock lineup https://t.co/zfkQhdq1Dt https://t.co/7yfBMCAWBb,https://www.theverge.com/2021/4/1/22362099/casio-gsw-h1000-g-shock-smartwatch-wear-os-google-price?utm_campaign=theverge&utm_content=chorus&utm_medium=social&utm_source=twitter,,0.0,"misc, forsale",0.65244,misc,forsale,,,,Liberal,0.9993792772293091,0.0006206384277902544
65,65,1-Apr,The Green Party,England and Wales,"RT @GreensofColour: The @IRR_News responds to the Commission on Race and Ethnic Disparities report, calling out the governments attempts to‚Ä¶",,,0.0,"talk, politics, misc",0.98415,talk,politics,misc,,,Liberal,0.9998759031295776,0.00012412482465151697
66,66,1-Apr,The New York Times,New York City,"RT @anniekarni: 275 organizations will participate in the admin‚Äôs new public awareness push ‚Äî including NASCAR, the Catholic Health Associa‚Ä¶",,,0.0,"soc, religion, christian",0.47652,soc,religion,christian,,,Liberal,0.9999244213104248,7.55527798901312e-05
67,67,1-Apr,The Guardian,London,Home Office signs legal agreement to ensure Windrush failures are not repeated https://t.co/iaL16F64pP,https://www.theguardian.com/uk-news/2021/apr/01/home-office-signs-legal-agreement-to-ensure-windrush-failures-are-not-repeated?utm_term=Autofeed&CMP=twt_gu&utm_medium&utm_source=Twitter#Echobox=1617290909,,0.0,"misc, forsale",0.56789,misc,forsale,,,,Liberal,0.999586284160614,0.00041370477993041277
68,68,1-Apr,The Guardian,London,Man convicted of murdering and dismembering woman in Exeter https://t.co/nuEKeJEmDP,https://www.theguardian.com/uk-news/2021/apr/01/man-convicted-of-murdering-and-dismembering-woman-in-exeter-lorraine-cox?utm_term=Autofeed&CMP=twt_gu&utm_medium&utm_source=Twitter#Echobox=1617290890,,0.0,"talk, politics, misc",0.92953,talk,politics,misc,,,Conservative,0.00030908238841220737,0.9996908903121948
69,69,1-Apr,Conservatives,,"RT @BenHouchen: Talking Freeports, Treasury North, babies being born in Hartlepool again, and even more jobs with @BorisJohnson! Teesside,‚Ä¶",,,0.0,"rec, sport, baseball",0.43065,rec,sport,baseball,,,Liberal,0.9982718229293823,0.0017281509935855865
70,70,1-Apr,The Washington Post,"Washington, DC",North Carolina‚Äôs Roy Williams to retire after 33 seasons as head coach https://t.co/oPMn9IV7ZU,https://wapo.st/3sO3CYk,,0.0,"rec, sport, baseball",0.98685,rec,sport,baseball,,,Liberal,0.6699481010437012,0.33005186915397644
71,71,1-Apr,The Guardian,London,The Fiver | Jogi L√∂w's stock falling further than an Oxo cube dropped from space https://t.co/Arw7tV19jA,https://www.theguardian.com/football/2021/apr/01/jogi-lows-stock-falling-further-than-an-oxo-cube-dropped-from-space?utm_term=Autofeed&CMP=twt_gu&utm_medium&utm_source=Twitter#Echobox=1617290508,,0.0,"sci, space",0.99567,sci,space,,,,Liberal,0.9898489713668823,0.01015104167163372
72,72,1-Apr,Tim Farron,Kendal,"RT @CarerSupportSL: There has been a change in the way that not previously identified unpaid carers can access Covid vaccination.

Unpaid c‚Ä¶",,,0.0,"sci, med",0.97824,sci,med,,,,Liberal,0.9999030828475952,9.686457633506507e-05
73,73,1-Apr,National Geographic,Global,"Delta duck potato plants, Sagittaria platyphylla, are pictured here in Atchafalaya National Wildlife Refuge, Louisi‚Ä¶ https://t.co/owU4twbDLC",,,0.0,"sci, med",0.7248,sci,med,,,,Liberal,0.9998451471328735,0.00015486139454878867
74,74,1-Apr,Tim Farron,Kendal,Love this! Well done @grasmereschool! https://t.co/YqBoYRDEGc,,,0.0,"rec, sport, baseball",0.29487,rec,sport,baseball,,,Liberal,0.9849584102630615,0.015041583217680454
75,75,1-Apr,BBC News (UK),London,"Covid biggest NHS challenge since World War Two, says NHS boss https://t.co/EjNZKKs09I",https://bbc.in/3mb04ww,,0.0,"misc, forsale",0.25128,misc,forsale,,,,Liberal,0.9958932399749756,0.004106810316443443
76,76,1-Apr,The New York Times,New York City,"RT @jessemckinley: In an early draft of @NYGovCuomo's $4 million book obtained by @nytimes, the Gov compared his popularity to @BilldeBlasi‚Ä¶",,,0.0,"rec, sport, baseball",0.34933,rec,sport,baseball,,,Liberal,0.9952357411384583,0.004764271434396505
77,77,1-Apr,The Times,London,"RT @TimesRadio: Listen to John Pienaar 4-7pm üîä https://t.co/CurzK2WxfX

üîπ Heathrow Airport CEO John Holland Kaye on Heathrow's future (4:05‚Ä¶",http://times.radio/listen,,0.0,"misc, forsale",0.14295,misc,forsale,,,,Liberal,0.995210587978363,0.004789397120475769
78,78,1-Apr,The Times,London,RT @thetimes2: Still eating farmed salmon? Here‚Äôs what to try instead https://t.co/7MSEsHdZ7Q,https://www.thetimes.co.uk/article/has-seaspiracy-put-you-off-farmed-salmon-heres-the-best-fish-to-eat-instead-7xg0r68c6?utm_medium=Social&utm_source=Twitter#Echobox=1617289583,,0.0,"sci, med",0.87519,sci,med,,,,Liberal,0.9998674392700195,0.00013258766557555646
79,79,1-Apr,Liberal Democrats,United Kingdom,"""Poor perinatal mental health is a very real problem and one that urgently needs addressing. The government must ac‚Ä¶ https://t.co/bS88cvF0oz",,,0.0,"sci, med",0.97472,sci,med,,,,Liberal,0.9999039173126221,9.601502097211778e-05
80,80,1-Apr,The New York Times,New York City,Roy Williams is retiring as UNC-Chapel Hill's men‚Äôs basketball coach. The Hall of Fame coach won three national cha‚Ä¶ https://t.co/rdf6QlonDT,,,0.0,"rec, sport, baseball",0.99236,rec,sport,baseball,,,Liberal,0.6348122954368591,0.36518773436546326
81,81,1-Apr,Mayor of London,London,"If you‚Äôre travelling over the bank holiday, please follow @TfL‚Äôs advice and plan your journey safely:
 
‚¨ÖÔ∏è üïõ  Befor‚Ä¶ https://t.co/DVvJMpYh8A",,,0.0,"misc, forsale",0.32529,misc,forsale,,,,Conservative,0.313553124666214,0.6864468455314636
82,82,1-Apr,The Times,London,Internal City Hall documents show that Jennifer Arcuri bypassed officials to secure Boris Johnson‚Äôs attendance at t‚Ä¶ https://t.co/OgzaWVG2Io,,,0.0,"rec, sport, baseball",0.35013,rec,sport,baseball,,,Liberal,0.985065758228302,0.014934320002794266
83,83,1-Apr,Scott Galloway,NYC,"Join us in 2 weeks for @Adweek #MediaWeek 
About the event: https://t.co/dis6v0ACMV 
50% off passes:‚Ä¶ https://t.co/t3sfnzMP2N",https://event.adweek.com/mediaweek-2021/937197,,0.0,"misc, forsale",0.29455,misc,forsale,,,,Liberal,0.9832914471626282,0.0167084950953722
84,84,1-Apr,The Washington Post,"Washington, DC","Biden Justice Department will continue a Trump-era policy to push D.C. gun cases to federal court, a practice criti‚Ä¶ https://t.co/onli1gQ2yb",,,0.0,"talk, politics, guns",0.66952,talk,politics,guns,,,Conservative,0.0040970658883452415,0.995902955532074
85,85,1-Apr,peter pomerantsev,,"RT @ducttapemom: This was lovely to watch, thanks https://t.co/nbSu4W52zI",,,1.0,"sci, electronics",0.13825,sci,electronics,,,,Liberal,0.9879640340805054,0.012035933323204517
86,86,1-Apr,The Guardian,London,Boris Johnson's latest 'build back better' pledge won't get Britain back to work | Polly Toynbee https://t.co/dcSfIBo3c8,https://www.theguardian.com/commentisfree/2021/apr/01/boris-johnson-build-back-better-pledge-britain-empty-promises?CMP=twt_gu&utm_source=Twitter&utm_medium#Echobox=1617290026,,0.0,"misc, forsale",0.21662,misc,forsale,,,,Liberal,0.9920692443847656,0.007930818013846874
87,87,1-Apr,The Washington Post,"Washington, DC",Inside the 144-hour scramble in the Suez Canal to dislodge a colossal ship ‚Äî and global trade https://t.co/kTDdO82xUY,https://www.washingtonpost.com/world/middle_east/suez-canal-ever-given-ship/2021/03/31/8849b85c-9154-11eb-aadc-af78701a30ca_story.html,,1.0,"sci, space",0.99498,sci,space,,,,Conservative,0.0018877399852499366,0.9981123208999634
88,88,1-Apr,The Verge,New York,MSCHF will not ship its 666th pair of Satan Shoes after Nike lawsuit https://t.co/VNlJfHoYVK https://t.co/YqmDHUWSPA,https://www.theverge.com/2021/4/1/22361961/mschf-nike-unauthorized-satan-shoe-lawsuit-response-restraining-order?utm_campaign=theverge&utm_content=chorus&utm_medium=social&utm_source=twitter,,0.0,"rec, sport, baseball",0.46565,rec,sport,baseball,,,Liberal,0.9989228844642639,0.0010771147208288312
89,89,1-Apr,The New York Times,New York City,"RT @sarahkliff: Billions in new Obamacare subsidies go live on https://t.co/hHpJTTaZfz today. 

Lots of people out there can get free ACA p‚Ä¶",http://Healthcare.gov,,0.0,"talk, politics, misc",0.96837,talk,politics,misc,,,Conservative,0.054629337042570114,0.9453707337379456
90,90,1-Apr,National Gallery,"London, UK",#DidYouKnow our picture of the month is available to buy as a print through our custom art print service at our onl‚Ä¶ https://t.co/ULUGd12ObB,,,0.0,"comp, graphics",0.6132,comp,graphics,,,,Conservative,0.018915744498372078,0.9810842871665955
91,91,1-Apr,Tamara McCleary,"Boulder, CO",The future of #AI is not as rosy as some might think https://t.co/rt4MhpEiUo via @TechRepublic #ethics https://t.co/X3yI62K6nU,https://www.techrepublic.com/article/gartner-the-future-of-ai-is-not-as-rosy-as-some-might-think/,,0.0,"alt, atheism",0.32805,alt,atheism,,,,Liberal,0.9942554831504822,0.005744582042098045
92,92,1-Apr,The Guardian,London,"Rapid global heating is hurting farm productivity, study finds https://t.co/m61OKgJjew",https://www.theguardian.com/environment/2021/apr/01/climate-crisis-global-heating-food-farming-agriculture?utm_term=Autofeed&CMP=twt_gu&utm_medium&utm_source=Twitter#Echobox=1617289688,,0.0,"sci, electronics",0.14437,sci,electronics,,,,Liberal,0.9996544122695923,0.0003455745754763484
93,93,1-Apr,The Guardian,London,"Richard Okorogheye: no recent activity on phone of missing Londoner, say police https://t.co/8YdpgIdTFC",https://www.theguardian.com/uk-news/2021/apr/01/richard-okorogheye-no-recent-activity-on-phone-of-missing-londoner-say-police?utm_term=Autofeed&CMP=twt_gu&utm_medium&utm_source=Twitter#Echobox=1617289686,,0.0,"sci, crypt",0.481,sci,crypt,,,,Conservative,0.020640050992369652,0.9793599843978882
94,94,1-Apr,Scott Galloway,NYC,"RT @PivotPod: Excited to welcome The Prof G Show with @profgalloway to the Vox Media Podcast Network! 

Listen here: https://t.co/eJrGGYT28‚Ä¶",,,1.0,"sci, space",0.1747,sci,space,,,,Liberal,0.9575251936912537,0.04247486963868141
95,95,1-Apr,BBC News (World),"London, UK",This new factory north of Frankfurt produces millions of doses of the Pfizer Covid vaccine each week - here's a loo‚Ä¶ https://t.co/dTsy6chaZa,,,0.0,"sci, med",0.993,sci,med,,,,Liberal,0.9998711347579956,0.00012887593766208738
96,96,1-Apr,The New York Times,New York City,"RT @heyitsfranklin2: ""My own personal ethos is that YA requires hope."" I loved, loved, loved this By the Book interview with Elizabeth Acev‚Ä¶",,,0.0,"soc, religion, christian",0.86564,soc,religion,christian,,,Liberal,0.8755816221237183,0.12441833317279816
97,97,1-Apr,The Guardian,London,Boris Johnson gives backing to domestic use of Covid passports https://t.co/UTrqYfVhPv,https://www.theguardian.com/world/2021/apr/01/boris-johnson-gives-backing-to-domestic-use-of-covid-passports?utm_term=Autofeed&CMP=twt_gu&utm_medium&utm_source=Twitter#Echobox=1617285009,,0.0,"talk, politics, misc",0.97798,talk,politics,misc,,,Conservative,0.0376812219619751,0.9623187780380249
98,98,1-Apr,The New York Times,New York City,"1. Pull everything out.
2. Look for alternate storage spaces.
3. More rods, more shelves and more drawers.

You don‚Ä¶ https://t.co/wWICu4ePTQ",,,0.0,"misc, forsale",0.71348,misc,forsale,,,,Liberal,0.9983799457550049,0.0016200304962694645
99,99,1-Apr,ChrisAlbon.com,San Francisco,Cumulative Distribution Function https://t.co/eZ2bbpDzwV https://t.co/RoFr6dAkcK,https://machinelearningflashcards.com,,0.0,"rec, sport, baseball",0.19063,rec,sport,baseball,,,Liberal,0.9998677968978882,0.00013223313726484776
100,100,1-Apr,The Washington Post,"Washington, DC","""We can do this"": Biden unveils pro-vaccine TV ads, network of grass-roots leaders to push shots https://t.co/5Be5AI2VXG",https://wapo.st/3ua5c6U,,0.0,"sci, med",0.98832,sci,med,,,,Liberal,0.9999023675918579,9.758382657309994e-05
101,101,1-Apr,Conservatives,,"RT @amandamilling: It‚Äôs your membership that helps us to fight and win elections. 

Join @Conservatives today and help us to build back bet‚Ä¶",,,0.0,"talk, politics, misc",0.97655,talk,politics,misc,,,Liberal,0.9997978806495667,0.00020216548000462353
102,102,1-Apr,The Verge,New York,Let this be the year April Fools‚Äô Day for brands dies https://t.co/ip3byqhBkv https://t.co/Tk4KCvrntH,https://www.theverge.com/2021/4/1/22359046/april-fools-day-brands-pr-bad-stop?utm_campaign=theverge&utm_content=chorus&utm_medium=social&utm_source=twitter,,0.0,"talk, religion, misc",0.15835,talk,religion,misc,,,Conservative,0.015518714673817158,0.9844813346862793
103,103,1-Apr,The Times,London,"Labour has demanded an investigation into how Boris Johnson funded the supposed ¬£200,000 refurbishment of his Downi‚Ä¶ https://t.co/EvaAtGR9bD",,,1.0,"talk, religion, misc",0.17133,talk,religion,misc,,,Liberal,0.9996693134307861,0.0003307323786430061
104,104,1-Apr,The New York Times,New York City,"It wasn‚Äôt until he was driving away that the man noticed something was amiss. 

‚ÄúHe turned back and looked and like‚Ä¶ https://t.co/coLM1QDHEu",,,0.0,"sci, electronics",0.12143,sci,electronics,,,,Liberal,0.9284546375274658,0.07154538482427597
105,105,1-Apr,ChrisAlbon.com,San Francisco,I read this as ‚ÄúRust fans‚Äù https://t.co/kLyWYSXpQE,,,0.0,"misc, forsale",0.64935,misc,forsale,,,,Liberal,0.9997640252113342,0.00023599965788889676
106,106,1-Apr,The Verge,New York,The stonks guy is now in Fortnite https://t.co/Socu5an6qn https://t.co/pqEoZ6Vs96,https://www.theverge.com/2021/4/1/22361908/fortnite-stonks-skin-gamestop-stocks?utm_campaign=theverge&utm_content=chorus&utm_medium=social&utm_source=twitter,,0.0,"sci, space",0.13192,sci,space,,,,Liberal,0.9985119700431824,0.0014880456728860736
107,107,1-Apr,The Guardian,London,Tiananmen Square watch withdrawn from sale by auction house https://t.co/OFdLDI4Chq,https://www.theguardian.com/world/2021/apr/01/tiananmen-square-watch-given-chinese-troops-withdrawn-from-sale-fellows-auction-house?utm_term=Autofeed&CMP=twt_gu&utm_medium&utm_source=Twitter#Echobox=1617286490,,0.0,"misc, forsale",0.97341,misc,forsale,,,,Conservative,0.06739439815282822,0.9326055645942688
108,108,1-Apr,BBC News (World),"London, UK","It started out with a kiss, how did it end up like this? How Mr Brightside is the hit that just won't die https://t.co/nU0x3YmJ15",https://bbc.in/39wD5qC,,0.0,"misc, forsale",0.23539,misc,forsale,,,,Conservative,0.0005389658617787063,0.9994609951972961
109,109,1-Apr,The New York Times,New York City,"RT @smervosh: When I heard nursing homes were finally reopening after a year, I thought, what happy news!

But I was surprised to learn how‚Ä¶",,,0.0,"sci, med",0.81329,sci,med,,,,Liberal,0.999894380569458,0.00010563808609731495
110,110,1-Apr,BBC News (UK),London,RT @BBCScotlandNews: The High Court could sit at four new locations in Scotland under plans to clear a backlog of cases caused by the pande‚Ä¶,,,0.0,"sci, crypt",0.28448,sci,crypt,,,,Liberal,0.9997392296791077,0.0002608091162983328
111,111,1-Apr,BBC News (UK),London,RT @BBCWalesNews: Mark Drakeford outlines Wales' plan for exiting lockdown - but some opposition parties criticise the delay in allowing gy‚Ä¶,,,0.0,"talk, politics, misc",0.7322,talk,politics,misc,,,Liberal,0.9357421398162842,0.06425787508487701
112,112,1-Apr,Tim Farron,Kendal,MP and pub landlord call for axing of 'discriminatory' vaccine certificate plan https://t.co/PlhAQDnSJG,https://www.thewestmorlandgazette.co.uk/news/19200485.tim-farron-new-unions-phil-walker-write-boris-johnson/?ref=twtrec,,0.0,"sci, med",0.97482,sci,med,,,,Liberal,0.9998743534088135,0.00012564337521325797
113,113,1-Apr,The Washington Post,"Washington, DC","India‚Äôs abrupt lockdown forced millions to walk, bike and hitchhike home. Many lives will never be the same. https://t.co/2NjkdTypK2",https://wapo.st/3cGnA1f,,0.0,"rec, motorcycles",0.9587,rec,motorcycles,,,,Liberal,0.64161616563797,0.3583838641643524
114,114,1-Apr,The Verge,New York,Sony RA5000 speaker review: extravagant sound at an unreasonable price https://t.co/c0BT8plPnr https://t.co/GzlpNOaUIe,https://www.theverge.com/22360437/sony-srs-ra5000-speaker-review-360-audio-features?utm_campaign=theverge&utm_content=chorus&utm_medium=social&utm_source=twitter,,0.0,"misc, forsale",0.62999,misc,forsale,,,,Liberal,0.9998701810836792,0.00012979695748072118
115,115,1-Apr,The Verge,New York,"COVID-19 vaccine ""passports"" aren‚Äôt exactly like yellow fever certifications https://t.co/fYhbXFQQnl https://t.co/JTdsgk5Yp0",https://www.theverge.com/22359121/covid-vaccine-certification-ethics-equity-yellow-fever?utm_campaign=theverge&utm_content=chorus&utm_medium=social&utm_source=twitter,,0.0,"sci, med",0.99355,sci,med,,,,Liberal,0.9997028708457947,0.00029715479467995465
116,116,1-Apr,The Guardian,London,The Tories' decade in power is remarkable for the hollowness of their vision | Andy Beckett https://t.co/jyMzjTTh4h,https://www.theguardian.com/commentisfree/2021/apr/01/tories-decade-in-power-hollowness-vision-keir-starmer?utm_term=Autofeed&CMP=twt_gu&utm_medium&utm_source=Twitter#Echobox=1617285009,,0.0,"rec, sport, baseball",0.30042,rec,sport,baseball,,,Liberal,0.999386191368103,0.0006137560703791678
117,117,1-Apr,Emily M. Bender,,My hobby today: Reading tweets announcing new #NLProc papers as if they are April Fool's pranks (often where I'm not quite in on the joke),,,0.0,"sci, electronics",0.15325,sci,electronics,,,,Liberal,0.9453544020652771,0.054645538330078125
118,118,1-Apr,BBC News (UK),London,Man murdered woman after following her home from night out in Exeter https://t.co/JhaYCBokhQ,https://bbc.in/31zHrZQ,,0.0,"talk, politics, guns",0.17303,talk,politics,guns,,,Conservative,0.02737472392618656,0.9726252555847168
119,119,1-Apr,BBC News (UK),London,No further deaths linked to Covid in Northern Ireland https://t.co/p8NlBvkyB2,https://bbc.in/3cHQe29,,0.0,"talk, politics, misc",0.39942,talk,politics,misc,,,Liberal,0.9995718598365784,0.00042818966903723776
120,120,1-Apr,BBC News (UK),London,New Moderna Covid vaccine due to arrive in Scotland next week https://t.co/0OxmaUJWrr,https://bbc.in/39y84CQ,,0.0,"sci, med",0.99264,sci,med,,,,Liberal,0.9997827410697937,0.00021732074674218893
121,121,1-Apr,Kara Swisher,"Washington, DC","‚ÄúBeing a successful tech investor and a billionaire doesn‚Äôt give you a claim to unique, privileged access to electe‚Ä¶ https://t.co/DnQdqQerNo",,,0.0,"sci, med",0.13735,sci,med,,,,Liberal,0.9997856020927429,0.00021444828598760068
122,122,1-Apr,The New York Times,New York City,"John Sudworth, a China correspondent for the BBC, has left Beijing after nine years, citing a propaganda campaign d‚Ä¶ https://t.co/cLCYaYDysv",,,0.0,"talk, politics, misc",0.97371,talk,politics,misc,,,Liberal,0.9817814826965332,0.01821857877075672
123,123,1-Apr,BBC News (World),"London, UK",Wife of Italian navy captain accused of spying for Russia reveals dire finances https://t.co/W4ZtIu6X95,https://bbc.in/2PLGLOr,,0.0,"talk, politics, misc",0.9652,talk,politics,misc,,,Conservative,0.00041191658237949014,0.9995880722999573
124,124,1-Apr,Time Out London,London,Cinnamon Club's Vivek Singh lockdown kitchen must-haves https://t.co/GqC1jT2F2l,https://bit.ly/31Bu23x,,0.0,"misc, forsale",0.19042,misc,forsale,,,,Liberal,0.9994140863418579,0.0005859033553861082
125,125,1-Apr,The Guardian,London,Doreen Lawrence says No 10 report gives 'racists the green light' https://t.co/RPNKAjtQDQ,https://www.theguardian.com/world/2021/apr/01/doreen-lawrence-says-no-10-report-gives-racists-the-green-light?CMP=twt_gu&utm_source=Twitter&utm_medium#Echobox=1617287894,,0.0,"talk, politics, misc",0.97688,talk,politics,misc,,,Conservative,0.00013475996092893183,0.9998651742935181
126,126,1-Apr,The Times,London,"RT @AArmstrong_says: ""If this drops much lower you will start getting a free share with your Big Mac delivery""

How the wheels came off Del‚Ä¶",,,0.0,"comp, sys, mac, hardware",0.9485,comp,sys,mac,hardware,,Liberal,0.9958893656730652,0.004110712558031082
127,127,1-Apr,The Times,London,"RT @thetimes2: Why my friend John le Carr√©, chronicler of the English, died an Irish citizen https://t.co/TcYymevzuv",https://www.thetimes.co.uk/article/why-my-friend-john-le-carre-chronicler-of-the-english-died-an-irish-citizen-0t03wv3s7?utm_medium=Social&utm_source=Twitter#Echobox=1617287639,,0.0,"talk, religion, misc",0.25211,talk,religion,misc,,,Conservative,0.010199167765676975,0.9898008704185486
128,128,1-Apr,Hubble,Goddard Space Flight Center,"Talk about a space jam. üé∂

Hubble &amp; @chandraxray data are represented by beautiful music in this sonification of th‚Ä¶ https://t.co/CFM8jhMLdx",,,0.0,"sci, space",0.99558,sci,space,,,,Liberal,0.9999281167984009,7.183511479524896e-05
129,129,1-Apr,Londonist,"London, England","Ways to add some wilderness to your long weekend 

https://t.co/aQpiptzQqE",https://londonist.com/2016/06/spend-summer-in-the-countryside-without-leaving-the-city,,0.0,"misc, forsale",0.23757,misc,forsale,,,,Liberal,0.9983189702033997,0.001681008841842413
130,130,1-Apr,The Times,London,A British football agent and two other men have been arrested as part of an investigation into fraud at the FA as a‚Ä¶ https://t.co/2CkFhBAbCE,,,0.0,"misc, forsale",0.45231,misc,forsale,,,,Conservative,0.001326884375885129,0.9986730813980103
131,131,1-Apr,The New York Times,New York City,"RT @declanwalsh: Mona Lisa, 18, survived an attempted rape with seven gunshot wounds and an amputated arm. She wanted it known that she res‚Ä¶",,,0.0,"sci, med",0.83191,sci,med,,,,Liberal,0.9894475936889648,0.010552405379712582
132,132,1-Apr,The Guardian,London,Tell us about your hair dyeing disasters during lockdown https://t.co/VuViZgfRJ7,https://www.theguardian.com/fashion/2021/apr/01/tell-us-about-your-hair-dyeing-disasters-during-lockdown,,0.0,"sci, med",0.90734,sci,med,,,,Liberal,0.9813038110733032,0.018696192651987076
133,133,1-Apr,Gary Marcus,,"‚ÄúFor the foreseeable future, computers will not be able to match humans in their ability to reason abstractly about‚Ä¶ https://t.co/Xn3gGrbBsK",,,0.0,"comp, windows, x",0.90353,comp,windows,x,,,Conservative,0.14850987493991852,0.8514900803565979
134,134,1-Apr,BBC News (UK),London,"RT @BBCNewsnight: The UK ""no longer"" has a system rigged against people from ethnic minorities, a review set up by the government says. 

B‚Ä¶",,,0.0,"talk, politics, misc",0.98255,talk,politics,misc,,,Liberal,0.999897837638855,0.00010215403017355129
135,135,1-Apr,Tim Farron,Kendal,RT @Arnside_AONB: Check out the updated #CountrysideCode hot off the press today! üíö #RespectProtectEnjoy https://t.co/p92x9TTLbE,,,0.0,"misc, forsale",0.492,misc,forsale,,,,Liberal,0.999886155128479,0.00011382546654203907
136,136,1-Apr,Conservatives,,"RT @HartBio: We had @BorisJohnson on-site at Hart Biologicals today to support Jill Mortimer's election campaign 

#hartbiologicals #hartle‚Ä¶",,,0.0,"talk, politics, misc",0.43523,talk,politics,misc,,,Liberal,0.9998921155929565,0.00010787145583890378
137,137,1-Apr,The Washington Post,"Washington, DC","For Juan Soto, the home runs and the hype don‚Äôt matter. The work does. https://t.co/DrolvHquiu",https://wapo.st/3cDVunh,,0.0,"rec, sport, baseball",0.85838,rec,sport,baseball,,,Liberal,0.8708747029304504,0.12912529706954956
138,138,1-Apr,Allie K. Miller,"San Francisco, CA","Honestly, this is exactly what Bradley Cooper *would* say on LinkedIn. https://t.co/gn6MsCflVZ",,,0.0,"sci, crypt",0.50373,sci,crypt,,,,Conservative,0.00035859865602105856,0.9996414184570312
139,139,1-Apr,The New York Times,New York City,Michigan is in the throes of a coronavirus outbreak that is one of the largest and most alarming in the U.S. The co‚Ä¶ https://t.co/BbBTPaLc7L,,,0.0,"sci, med",0.99285,sci,med,,,,Conservative,0.018176116049289703,0.9818238615989685
140,140,1-Apr,BBC News (UK),London,"Pfizer Covid vaccine ""stopping 91% of cases in first six months,"" study suggests https://t.co/gyAIp8h3bU",https://bbc.in/3dtIaB8,,0.0,"sci, med",0.9935,sci,med,,,,Liberal,0.9998854398727417,0.00011459478264441714
141,141,1-Apr,BBC News (World),"London, UK","Pfizer Covid vaccine ""stopping 91% of cases in first six months,"" study suggests https://t.co/MNvQWygmi7",https://bbc.in/3rI4eNq,,0.0,"sci, med",0.99332,sci,med,,,,Liberal,0.9998766183853149,0.00012335291830822825
142,142,1-Apr,Nick Robinson,,"RT @rosenbaum6: Political Thinking with @bbcnickrobinson is back: In the first of the new run, vaccines minister @nadhimzahawi talks about‚Ä¶",,,0.0,"talk, politics, misc",0.92659,talk,politics,misc,,,Liberal,0.9982193112373352,0.001780627528205514
143,143,1-Apr,The New York Times,New York City,RT @JesseDrucker: 1/ EXCLUSIVE: Bristol Myers used an allegedly 'abusive' offshore shelter to dodge more than $1 billion in US taxes: https‚Ä¶,,,0.0,"talk, politics, misc",0.94835,talk,politics,misc,,,Liberal,0.9998544454574585,0.00014547489990945905
144,144,1-Apr,The Guardian,London,A tale of big cities: the battle for promotion to Super League begins | By @NoHelmetsReq https://t.co/pelL16W1Oq,https://www.theguardian.com/sport/no-helmets-required/2021/apr/01/rugby-league-tale-big-cities-battle-promotion-super-league-championship-toulouse,,0.0,"rec, sport, hockey",0.78995,rec,sport,hockey,,,Liberal,0.9956035614013672,0.004396464675664902
145,145,1-Apr,Nick Robinson,,"Did what @BorisJohnson called ""greed"" help Britain to win the vaccine race? The new series of #PoliticalThinking co‚Ä¶ https://t.co/2qt7N9L98g",,,0.0,"sci, med",0.95293,sci,med,,,,Liberal,0.9996185302734375,0.0003814798837993294
146,146,1-Apr,The Guardian,London,Erling Haaland's agent holds Barcelona talks as race for striker gathers pace https://t.co/qtobaQoYsK,https://www.theguardian.com/football/2021/apr/01/erling-haaland-agent-holds-barcelona-talks-manchester-city-chelsea-real-madrid-dortmund?utm_term=Autofeed&CMP=twt_gu&utm_medium&utm_source=Twitter#Echobox=1617286954,,0.0,"rec, sport, baseball",0.49541,rec,sport,baseball,,,Liberal,0.7010087966918945,0.2989911437034607
147,147,1-Apr,The Guardian,London,"Lee Collins, Yeovil Town captain, dies aged 32 https://t.co/Z3pxHFPRdf",https://www.theguardian.com/football/2021/apr/01/lee-collins-yeovil-town-captain-dies-aged-32?utm_term=Autofeed&CMP=twt_gu&utm_medium&utm_source=Twitter#Echobox=1617286953,,0.0,"rec, sport, baseball",0.60623,rec,sport,baseball,,,Liberal,0.5468721985816956,0.4531278610229492
148,148,1-Apr,BBC News (World),"London, UK",April Fools' Day: 10 stories that look like pranks but aren't https://t.co/JrX0QKgcKB,https://bbc.in/3rBbKd6,,0.0,"talk, religion, misc",0.17904,talk,religion,misc,,,Liberal,0.5911619663238525,0.40883806347846985
149,149,1-Apr,The Guardian,London,April fools innovations: from TubbyCoins to socially networked cows https://t.co/Y6fBaZvJPw,https://www.theguardian.com/uk-news/2021/apr/01/april-fools-innovations-from-tubbycoins-to-socially-networked-cows?CMP=twt_gu&utm_source=Twitter&utm_medium#Echobox=1617286165,,0.0,"rec, motorcycles",0.11696,rec,motorcycles,,,,Liberal,0.9999239444732666,7.599115633638576e-05
150,150,1-Apr,The New York Times,New York City,"In Opinion
‚ÄúAs states await census data to guide redistricting, there is one wild card in the mix: the possible ena‚Ä¶ https://t.co/ughBociIvH",,,0.0,"rec, sport, baseball",0.56588,rec,sport,baseball,,,Liberal,0.9992450475692749,0.0007550325244665146
151,151,1-Apr,The Times,London,A government adviser on classroom discipline appeared to criticise pupils after they protested against a 'racist' u‚Ä¶ https://t.co/GAprCKuVLF,,,0.0,"talk, politics, misc",0.96728,talk,politics,misc,,,Conservative,0.0008425266714766622,0.9991574287414551
152,152,1-Apr,The Verge,New York,Doom 3 for PSVR is a solid showcase for Sony‚Äôs Aim Controller https://t.co/tZg4BdyjoJ https://t.co/JX5QVqxKsn,https://www.theverge.com/2021/4/1/22361736/doom-3-vr-edition-review-ps4-psvr-aim-controller?utm_campaign=theverge&utm_content=chorus&utm_medium=social&utm_source=twitter,,0.0,"comp, sys, ibm, pc, hardware",0.62869,comp,sys,ibm,pc,hardware,Liberal,0.9998828172683716,0.00011713002459146082
153,153,1-Apr,BBC News (UK),London,Conservative Party helped PM Boris Johnson with Jennifer Arcuri inquiry legal bills https://t.co/eowO3NMJoz,https://bbc.in/3u5hQUO,,0.0,"talk, politics, misc",0.61671,talk,politics,misc,,,Liberal,0.9878760576248169,0.01212390884757042
154,154,1-Apr,The Washington Post,"Washington, DC","Elizabeth Shedlick, nurse to two presidents, dies of covid-19 https://t.co/tDxPbUMZkT",https://wapo.st/3rB8e2o,,0.0,"rec, sport, baseball",0.51604,rec,sport,baseball,,,Liberal,0.9433977603912354,0.05660224333405495
155,155,1-Apr,The New York Times,New York City,"RT @ElianPeltier: The group, COVID-19 Bereaved Families for Justice, is advocating for a public inquiry into the government‚Äôs handling of t‚Ä¶",,,0.0,"talk, politics, misc",0.98248,talk,politics,misc,,,Liberal,0.9987450838088989,0.00125484773889184
156,156,1-Apr,The Guardian,London,"UK must do more to address 'serious issues' with racism, says Boris Johnson ‚Äì video https://t.co/aVR3ivzkkl",https://www.theguardian.com/world/video/2021/apr/01/uk-must-do-more-to-address-serious-issues-with-racism-says-boris-johnson-video?utm_term=Autofeed&CMP=twt_gu&utm_medium&utm_source=Twitter#Echobox=1617286469,,0.0,"rec, sport, baseball",0.37804,rec,sport,baseball,,,Conservative,0.00021462622680701315,0.9997853636741638
157,157,1-Apr,The Guardian,London,Illinois Latinos criticize plan to rename school after 'deporter-in-chief' Obama https://t.co/r0wCHOvhRO,https://www.theguardian.com/us-news/2021/apr/01/illinois-latinos-barack-obama-thomas-jefferson-middle-school?utm_term=Autofeed&CMP=twt_gu&utm_medium&utm_source=Twitter#Echobox=1617286460,,0.0,"talk, politics, misc",0.98363,talk,politics,misc,,,Conservative,0.00014028427540324628,0.9998596906661987
158,158,1-Apr,The Guardian,London,EXCLUSIVE: Tory donor lobbied minister to speed up his ¬£65m PPE deal https://t.co/7eVMDmOFE3,https://www.theguardian.com/world/2021/apr/01/tory-donor-lobbied-minister-to-speed-up-his-65m-ppe-deal?CMP=twt_gu&utm_source=Twitter&utm_medium#Echobox=1617285443,,0.0,"talk, politics, misc",0.51129,talk,politics,misc,,,Liberal,0.9917901754379272,0.00820987205952406
159,159,1-Apr,The New York Times,New York City,"When a Filipino immigrant was attacked this week in New York City, the Philippine foreign secretary called for a fo‚Ä¶ https://t.co/HF4Lgi8BvZ",,,0.0,"talk, politics, misc",0.93329,talk,politics,misc,,,Conservative,0.019319087266921997,0.9806808829307556
160,160,1-Apr,The Verge,New York,Is it time to say goodbye to the gas stove? https://t.co/H9DnleLjR5,https://www.youtube.com/watch?v=q_I8xc9hLoU,,0.0,"misc, forsale",0.76095,misc,forsale,,,,Conservative,0.3500097692012787,0.6499902606010437
161,161,1-Apr,The Guardian,London,Demi Lovato: Dancing With the Devil ... The Art of Starting Over review | Alexis Petridis's album of the week https://t.co/E6CEJ2SCDp,https://www.theguardian.com/music/2021/apr/01/demi-lovato-dancing-with-the-devil-the-art-of-starting-over-review?utm_term=Autofeed&CMP=twt_gu&utm_medium&utm_source=Twitter#Echobox=1617284218,,0.0,"rec, sport, baseball",0.24818,rec,sport,baseball,,,Liberal,0.9994202852249146,0.0005797067424282432
162,162,1-Apr,The Washington Post,"Washington, DC","Analysis: Vaccination rates are rising, but so are covid cases https://t.co/6J6jOuTstn",https://wapo.st/3maaPza,,0.0,"sci, med",0.97664,sci,med,,,,Liberal,0.9999228715896606,7.712609658483416e-05
163,163,1-Apr,The New York Times,New York City,"RT @nytopinion: ""Do we want to start vetting our partners in the same way we decide what kind of car to buy, or whom to hire, or who is lik‚Ä¶",,,0.0,"rec, autos",0.47931,rec,autos,,,,Liberal,0.9228000044822693,0.07719997316598892
164,164,1-Apr,BBC News (UK),London,Why your pet may need a Covid vaccine https://t.co/9PnD3abkPc,https://bbc.in/3wk6aPJ,,0.0,"sci, med",0.99287,sci,med,,,,Liberal,0.998892605304718,0.0011074424255639315
165,165,1-Apr,BBC News (World),"London, UK",Why your pet may need a Covid vaccine https://t.co/cWmTWJ0AJK,https://bbc.in/3m9BXyc,,0.0,"sci, med",0.99276,sci,med,,,,Liberal,0.9991378784179688,0.0008621183806098998
166,166,1-Apr,The Green Party,England and Wales,"RT @LGBTIQAGreens: üíö @TheGreenParty are recruiting telephone fundraisers! 

‚òéÔ∏è You‚Äôll be responsible for phoning members to discuss our imp‚Ä¶",,,0.0,"sci, crypt",0.51822,sci,crypt,,,,Liberal,0.9940193891525269,0.00598065834492445
167,167,1-Apr,The Times,London,Interview üéôÔ∏è | It was precisely because she was a single mother that Katherine Ryan (@Kathbum) decided to try to ma‚Ä¶ https://t.co/TJJAMzXuUs,,,0.0,"soc, religion, christian",0.2172,soc,religion,christian,,,Conservative,0.007983291521668434,0.9920166730880737
168,168,1-Apr,The Guardian,London,North Macedonia leave Germany reeling ‚Äì Football Weekly Extra https://t.co/BGqPCyKKSt,https://www.theguardian.com/football/audio/2021/apr/01/north-macedonia-leave-germany-reeling-football-weekly-extra-podcast?utm_term=Autofeed&CMP=twt_gu&utm_medium&utm_source=Twitter#Echobox=1617285143,,0.0,"rec, sport, hockey",0.69647,rec,sport,hockey,,,Liberal,0.7730647921562195,0.22693516314029694
169,169,1-Apr,The Guardian,London,Thousands of British Gas customers threaten to switch over ‚Äòfire and rehire‚Äô policy https://t.co/zKZk9PdoN0,https://www.theguardian.com/business/2021/apr/01/thousands-british-gas-customers-switch-fire-rehire-plan?utm_term=Autofeed&CMP=twt_gu&utm_medium&utm_source=Twitter#Echobox=1617285142,,0.0,"misc, forsale",0.44507,misc,forsale,,,,Conservative,0.0022592528257519007,0.9977407455444336
170,170,1-Apr,The New York Times,New York City,"RT @bencasselman: 714k people filed for unemployment benefits last week (regular state programs, not seasonally adjusted). Another 237k fil‚Ä¶",,,0.0,"talk, politics, misc",0.68984,talk,politics,misc,,,Liberal,0.9960982799530029,0.003901710733771324
171,171,1-Apr,BBC News (UK),London,Double killer who lost eye in prison attack awarded ¬£85k https://t.co/I5pgd8tYkV,https://bbc.in/3ub9smG,,0.0,"sci, med",0.91195,sci,med,,,,Conservative,0.00422036275267601,0.9957796335220337
172,172,1-Apr,The Green Party,England and Wales,"üéí Teaching Assistants and school support staff have been unsung heroes during the pandemic.

üíö Their incredible wor‚Ä¶ https://t.co/2qdXzkX8Zi",,,0.0,"sci, med",0.11913,sci,med,,,,Liberal,0.9729149341583252,0.027085041627287865
173,173,1-Apr,The New York Times,New York City,"RT @NYTArchives: In 1892, April Fool's was all about loaded hats, barricaded trousers &amp; cotton doughnuts https://t.co/yuqsH09Upo https://t.‚Ä¶",https://nyti.ms/3lIKlVi,,0.0,"rec, sport, baseball",0.80358,rec,sport,baseball,,,Liberal,0.9646777510643005,0.03532228246331215
174,174,1-Apr,Mayor of London,London,"RT @LDN_gov: 3,205,927 people in London have received their first dose of a COVID-19 vaccine. The total number of first and second doses re‚Ä¶",,,0.0,"sci, med",0.99342,sci,med,,,,Liberal,0.9996893405914307,0.00031068187672644854
175,175,1-Apr,BBC News (UK),London,"Melody Driscoll, at the centre of a legal dispute over her hospital care, died of ""worst pancreatitis,"" coroner says https://t.co/2hgvKZJ2AG",https://bbc.in/2QWtoLQ,,0.0,"sci, med",0.99415,sci,med,,,,Conservative,0.0038081861566752195,0.9961917400360107
176,176,1-Apr,BBC News (UK),London,"Essex Police chief warns people enjoying Easter weekend not to ""mess up"" progress made on Covid rates  https://t.co/PBmQcAtXwM",https://bbc.in/3uil0ol,,0.0,"misc, forsale",0.23017,misc,forsale,,,,Liberal,0.9985737800598145,0.0014261866454035044
177,177,1-Apr,The Guardian,London,"UK coronavirus live: Covid rates falling in England but rising in Northern Ireland, says ONS https://t.co/1MAo6v6ou9",https://www.theguardian.com/politics/live/2021/apr/01/uk-covid-live-keir-starmer-boris-johnson-coronavirus-checks-pub-landlords-latest-updates?CMP=twt_gu&utm_source=Twitter&utm_medium#Echobox=1617284720,,0.0,"sci, med",0.99293,sci,med,,,,Liberal,0.999841570854187,0.00015842488210182637
178,178,1-Apr,The Verge,New York,"RT @voxdotcom: We spoke to people who have reported seeing eerie floating balls of lightning, and had their stories illustrated. 

Our jaws‚Ä¶",,,0.0,"misc, forsale",0.13426,misc,forsale,,,,Liberal,0.9858074188232422,0.014192572794854641
179,179,1-Apr,The New York Times,New York City,"RT @amandahess: I profiled @brandicarlile, a ""mean, scrappy little trailer girl"" who became a master in the art of self-awareness https://t‚Ä¶",,,0.0,"rec, sport, baseball",0.1779,rec,sport,baseball,,,Liberal,0.9992552399635315,0.0007447318639606237
180,180,1-Apr,The Guardian,London,Joe Biden to hold first cabinet meeting as he pitches $2tn infrastructure plan ‚Äì live https://t.co/FTvlC9yRth,https://www.theguardian.com/us-news/live/2021/apr/01/derek-chauvin-trial-george-floyd-joe-biden-infrastructure-coronavirus-covid-live?utm_term=Autofeed&CMP=twt_gu&utm_medium&utm_source=Twitter#Echobox=1617284376,,0.0,"sci, electronics",0.13218,sci,electronics,,,,Liberal,0.9984992742538452,0.0015007791807875037
181,181,1-Apr,The Times,London,"Four people, including a child, were killed yesterday in a shooting at an office building in southern California.‚Ä¶ https://t.co/NH0VZpofrj",,,0.0,"talk, politics, misc",0.52572,talk,politics,misc,,,Conservative,0.0071967714466154575,0.992803156375885
182,182,1-Apr,The Verge,New York,1Password‚Äôs family plan is 50 percent off for Verge readers https://t.co/DqmR2TctsM https://t.co/YPN6zVmgSV,https://www.theverge.com/good-deals/2021/4/1/22360020/1password-family-plan-discount-password-manager-deal-subscription?utm_campaign=theverge&utm_content=chorus&utm_medium=social&utm_source=twitter,,0.0,"talk, politics, misc",0.25415,talk,politics,misc,,,Liberal,0.9998347759246826,0.00016521439829375595
183,183,1-Apr,BBC News (World),"London, UK",Spy novelist John le Carr√© 'died an Irishman' https://t.co/kZDAmz2BHn,https://bbc.in/3sHrmwR,,0.0,"talk, religion, misc",0.21802,talk,religion,misc,,,Conservative,0.0009181774221360683,0.9990818500518799
184,184,1-Apr,BBC News (World),"London, UK","Ireland's vaccine rollout ""catching up"" on Northern Ireland https://t.co/3yNhFI9fzF",https://bbc.in/31BHAM6,,0.0,"sci, med",0.99286,sci,med,,,,Liberal,0.9992857575416565,0.0007143247639760375
185,185,1-Apr,The Verge,New York,This Nvidia RTX 4090 video wins 2021‚Äôs best April Fools‚Äô joke https://t.co/i5uAsJQmzc https://t.co/F2AoztZQXj,https://www.theverge.com/tldr/2021/4/1/22361811/nvidia-rtx-4090-april-fools-day-video?utm_campaign=theverge&utm_content=chorus&utm_medium=social&utm_source=twitter,,0.0,"comp, graphics",0.32728,comp,graphics,,,,Liberal,0.9953027963638306,0.004697255324572325
186,186,1-Apr,Mayor of London,London,"Testing is key to beating coronavirus, especially as restrictions ease. If you have any #COVID19 symptoms:
 
üè†  Sel‚Ä¶ https://t.co/ZFws2sxbp7",,,0.0,"sci, med",0.99375,sci,med,,,,Liberal,0.9998173117637634,0.00018267115228809416
